1,Lodge-Grader
2,"Multiple Choice"
3,"Multiple Choice with Images"
4,"Open Question"
5,"Lodge-Grader (1)"
6,"Blockly Maze Grader"
7,"Multiple Select"
8,"Lodge-Grader (1) (1)"
9,"Multiple Choice with Images (1)"
10,Interactive-Grader
11,SolutionState
12,Lodge-Scratch-Grader
13,"Open Integer"
14,"Multiple Choice with Images"
15,"Blockly Module Grader"
16,"Sort Order Grader"
17,"Multiple Choice with Images 2019"
18,"Draggable SVG Grader 2019"
19,"Multiple Choice 2019"
20,"Connector Grader 2019"
22,"Clickable SVG 2019"
23,"Open Int 2019"
24,"Multiple Choice with Images"
25,Lodge-Scratch-Grader
26,"Multiple Choice"
27,"Connector Grader 2020"
28,"Open Int 2019"
29,"ClickableSVG - Complex"
30,"BBS Task 2022.10"
31,"Integer in Range 2022.10"
32,"Open Question"
33,"Sort Order Grader"
34,"Multiple Select with Images 2019"
35,"Multiple Select 2020"
36,"Multiple Choice 2020"
37,"ClickableSVG - Multi"
39,"Multiple Choice with Images 2022"
40,"Multiple Choice 2022"
41,"Multiple Choice 2022.10"
42,"Multiple Choice with Images 2022.10"
43,"Positive Int Grader 2019"
44,"Multiple Choice with Images"
45,"Open Int 2024"
46,"Multiple Choice 2024"
47,"Multiple Select 2022"
48,"Multiple Choice"
49,"Draggable SVG Grader 2025"
50,"ClickableSVG - Multi 2025"
51,"Open Question 2021"
52,"BBS Task"
53,"Integer in Range"
54,"Multiple Select"
55,"Multiple Select with Images"
56,"Open Integer"
57,"Open Question"
