2595,2026-CA-01-eng
2596,2026-CH-06-eng
2599,2026-CH-01-eng
2600,2026-CH-03a-eng
2601,2026-AT-01-eng
2602,2026-AT-02-eng
2603,2026-AU-04-eng
2604,2026-BR-02-eng
2605,2026-BR-04-eng
2606,2026-CA-02-eng
2607,2026-CA-03-eng
2608,2026-CH-11a-eng
2609,2026-CZ-02-eng
2610,2026-CZ-05-eng
2611,2026-DE-01-eng
2612,2026-DE-08-eng
2613,2026-EC-01-eng
2614,2026-HU-01a-eng
2615,2026-IE-02a-eng
2616,2026-IN-01b-eng
2617,2026-IN-04-eng
2618,2026-IN-05-eng
2619,2026-IN-07-eng
2620,2026-IR-05-eng
2621,2026-JP-02-eng
2622,2026-JP-03-eng
2623,2026-LT-01b-eng
2624,2026-LT-04-eng
2625,2026-LT-06-eng
2626,2026-LT-07-SSI-eng
2627,2026-ME-01a-eng
2628,2026-MT-01-eng
2629,2026-MX-01-eng
2630,2026-MX-02b-eng
2631,2026-MX-03-eng
2632,2026-NL-01-eng
2633,2026-PT-01a-eng
2634,2026-SK-02-eng
2635,2026-SK-04-eng
2636,2026-TR-04-eng
2637,2026-TW-01-eng
2638,2026-TW-02-eng
2639,2026-TW-04-eng
2640,2026-UK-04-eng
